instance,app,pre_processing,solving_time,delay,jitter,cumulative_max_delay,cumulative_max_jitter,cumulative_max_delay_app,cumulative_max_jitter_app
1,App_1,0.060472,0.010693,628.0,0,628.0,0.0,628.0,0
2,App_2,0.060472,0.156406,772.0,0,772.0,0.0,772.0,0
5,App_1,0.060472,0.161499,628.0,0,772.0,0.0,628.0,0
7,App_2,0.060472,0.157755,772.0,0,772.0,0.0,772.0,0
8,App_1,0.060472,0.162297,628.0,0,772.0,0.0,628.0,0
9,App_2,0.060472,0.163756,1012.0,0,1012.0,0.0,1012.0,0
10,App_2,0.060472,0.154349,868.0,0,1012.0,0.0,1012.0,0
