instance,app,pre_processing,solving_time,delay,jitter,cumulative_max_delay,cumulative_max_jitter,cumulative_max_delay_app,cumulative_max_jitter_app
1,App_2,0.047973999999999996,0.004726,3076.0,0,3076.0,0.0,3076.0,0
2,App_2,0.047973999999999996,0.147203,3076.0,0,3076.0,0.0,3076.0,0
3,App_1,0.047973999999999996,0.148179,2500.0,144.0,3076.0,144.0,2500.0,144.0
4,App_2,0.047973999999999996,0.148704,3268.0,0,3268.0,144.0,3268.0,0
5,App_2,0.047973999999999996,0.150894,2500.0,0,3268.0,144.0,3268.0,0
9,App_2,0.047973999999999996,0.151977,2884.0,0,3268.0,144.0,3268.0,0
