instance,app,pre_processing,solving_time,delay,jitter,cumulative_max_delay,cumulative_max_jitter,cumulative_max_delay_app,cumulative_max_jitter_app
1,App_2,0.051994,0.005609,2500.0,0,2500.0,0.0,2500.0,0
2,App_2,0.051994,0.15044,2500.0,0,2500.0,0.0,2500.0,0
4,App_2,0.051994,0.151254,2884.0,0,2884.0,0.0,2884.0,0
5,App_2,0.051994,0.153196,2500.0,0,2884.0,0.0,2884.0,0
8,App_2,0.051994,0.148674,2500.0,0,2884.0,0.0,2884.0,0
9,App_2,0.051994,0.149146,2884.0,0,2884.0,0.0,2884.0,0
10,App_2,0.051994,0.154403,3076.0,0,3076.0,0.0,3076.0,0
