instance,app,pre_processing,solving_time,delay,jitter,cumulative_max_delay,cumulative_max_jitter,cumulative_max_delay_app,cumulative_max_jitter_app
1,App_1,0.049946,0.006758,836.0,48.0,836.0,48.0,836.0,48.0
2,App_2,0.049946,0.153228,1028.0,0,1028.0,48.0,1028.0,0
3,App_1,0.049946,0.150111,836.0,48.0,1028.0,48.0,836.0,48.0
6,App_1,0.049946,0.151294,836.0,48.0,1028.0,48.0,836.0,48.0
7,App_2,0.049946,0.157593,836.0,0,1028.0,48.0,1028.0,0
8,App_1,0.049946,0.156631,836.0,48.0,1028.0,48.0,836.0,48.0
10,App_1,0.049946,0.15647,916.0,80.0,1028.0,80.0,916.0,80.0
